{"cameraMode":{"drawMode":0,"name":"Shaded","section":"Shading Mode"},"sceneLighting":true,"audioPlay":false,"sceneViewState":{"showFog":true,"showMaterialUpdate":false,"showSkybox":true,"showFlares":true,"showImageEffects":true,"showParticleSystems":true},"in2DMode":false,"pivot":{"x":567.64599609375,"y":664.8310546875,"z":109.1873779296875},"rotation":{"x":0.09285727143287659,"y":0.013998410664498806,"z":-0.0013172313338145614,"w":0.9956009387969971},"size":537.0902099609375,"orthographic":false}