{"cameraMode":{"drawMode":0,"name":"Shaded","section":"Shading Mode"},"sceneLighting":false,"audioPlay":false,"sceneViewState":{"showFog":true,"showMaterialUpdate":false,"showSkybox":false,"showFlares":true,"showImageEffects":true,"showParticleSystems":true},"in2DMode":false,"pivot":{"x":-17.691221237182618,"y":1.8262474536895753,"z":-6.609038352966309},"rotation":{"x":0.07217229157686234,"y":-0.904071569442749,"z":0.1689988374710083,"w":0.38594192266464236},"size":0.6331218481063843,"orthographic":false}